,out_acc,in_acc,amount
0,C,E,769
1,M,D,533
2,A,H,783
3,E,I,768
4,F,A,339
5,J,G,354
6,E,H,546
7,E,K,891
8,M,A,652
10,C,L,858
11,B,E,377
12,F,A,440
13,E,I,783
14,H,L,398
15,L,B,408
16,M,F,556
17,A,J,769
18,G,E,980
19,I,H,425
20,E,L,956
21,H,B,469
22,F,B,780
23,H,D,873
24,G,F,535
25,A,D,551
26,I,M,737
28,M,B,427
29,F,D,578
30,K,A,260
31,I,B,278
32,G,B,411
34,I,F,963
35,I,D,431
36,C,F,999
37,C,D,914
38,F,L,384
39,I,M,444
40,E,M,365
42,I,K,386
43,D,M,883
44,A,D,332
45,K,B,790
46,G,L,335
47,L,B,707
48,M,F,603
49,E,G,742
50,B,L,316
51,C,M,477
52,B,I,301
53,F,K,626
55,F,K,652
56,I,G,535
57,G,E,348
59,M,B,827
61,C,K,646
62,A,B,369
63,J,M,575
64,I,F,988
65,K,I,551
66,L,B,810
67,L,J,646
68,B,F,638
69,M,I,398
70,E,J,637
71,C,J,644
72,L,M,974
73,K,E,352
74,A,H,518
75,B,C,861
76,E,M,762
77,E,A,311
78,C,E,885
79,F,M,997
80,H,L,355
81,J,A,879
82,D,F,702
84,B,F,408
85,L,I,842
86,A,E,581
87,M,E,795
88,M,A,577
89,F,L,629
90,G,H,859
91,A,E,425
92,J,F,441
93,G,I,387
94,D,K,585
95,H,M,293
96,H,L,336
97,E,L,861
98,B,C,923
99,M,E,979
100,F,B,762
101,B,I,832
102,M,G,618
103,J,M,479
104,M,A,860
106,J,G,761
107,I,B,260
108,F,M,793
110,D,M,436
111,E,L,703
112,E,B,849
114,C,I,426
115,K,M,629
116,E,A,529
117,L,K,273
118,D,J,775
119,H,K,726
120,I,K,924
121,E,I,595
122,K,I,631
123,H,C,457
124,K,C,469
125,A,H,323
126,H,G,744
127,B,M,857
128,D,E,777
129,L,B,675
130,B,M,388
131,G,F,284
132,L,F,890
133,B,A,289
134,E,D,763
135,G,L,572
136,E,G,826
137,D,M,754
138,B,D,267
140,I,J,416
142,K,L,454
143,B,E,759
144,C,M,491
145,K,I,922
146,J,A,653
147,B,J,424
148,J,I,995
149,I,J,996
150,H,K,741
151,I,F,317
152,J,L,466
153,B,C,849
155,L,H,280
156,D,H,901
157,G,I,971
158,H,J,638
159,A,I,665
160,H,C,829
163,K,D,903
164,I,A,420
165,I,B,414
166,H,I,430
167,A,K,401
168,H,B,874
169,G,L,345
170,H,F,351
171,L,A,478
172,K,F,425
173,J,I,812
174,E,M,737
175,H,D,716
176,C,K,756
177,K,M,634
178,E,K,255
179,M,F,801
180,L,H,526
181,F,D,834
182,L,F,801
183,H,G,548
184,H,D,936
185,C,I,983
186,G,D,847
187,J,B,859
189,C,F,634
190,G,H,757
192,K,J,333
193,F,K,960
194,F,C,827
195,J,H,728
196,K,F,544
197,I,E,607
198,M,B,949
199,G,M,258
200,L,D,707
201,B,G,797
202,B,A,329
203,B,G,424
204,L,D,916
205,D,J,317
206,M,G,382
207,B,M,968
208,K,H,911
209,M,J,258
210,G,L,741
211,E,M,784
212,C,A,963
213,G,F,776
214,D,F,521
215,G,L,631
216,D,H,796
217,C,F,395
218,G,A,884
219,H,J,585
221,B,F,332
222,B,H,960
223,K,L,335
224,F,M,548
225,J,B,607
226,H,C,739
227,D,I,279
228,G,M,799
229,F,M,541
232,H,E,392
234,G,F,728
235,D,K,848
236,I,K,462
237,E,B,860
238,D,K,986
239,D,L,956
240,K,F,841
241,L,D,378
243,F,H,724
244,D,K,458
245,C,A,782
246,F,K,610
247,K,L,411
248,B,K,998
249,J,E,904
250,G,M,747
252,F,G,966
253,C,I,752
254,L,D,395
255,M,J,483
256,F,D,577
257,G,C,602
260,D,J,821
261,A,C,348
262,C,I,796
263,I,B,665
264,J,K,836
265,D,L,708
266,G,K,794
267,K,A,267
268,G,E,478
269,F,A,760
270,K,M,923
271,G,H,573
272,E,C,561
273,E,K,372
274,D,B,763
275,C,D,678
277,I,F,665
278,H,F,974
279,A,G,344
280,H,E,458
281,G,B,812
282,A,H,941
283,F,D,418
284,H,I,397
285,L,F,533
286,L,A,361
287,J,I,778
288,K,B,679
289,B,J,516
290,I,A,960
291,G,M,297
292,M,H,566
294,B,M,826
295,J,D,789
296,I,K,724
297,F,D,370
298,L,M,948
299,G,M,264
300,C,A,982
301,B,I,252
302,D,G,640
303,M,G,324
304,I,K,685
305,K,E,988
306,H,G,488
307,L,G,642
308,M,K,514
309,M,I,655
310,L,M,887
311,F,I,574
312,A,M,537
313,D,F,594
314,D,H,657
315,F,E,413
316,B,I,352
317,G,F,391
318,A,B,641
319,B,A,928
320,D,B,622
321,M,E,457
322,B,E,888
323,I,A,546
324,I,E,947
325,A,I,878
326,H,A,866
327,I,K,794
328,L,F,277
329,F,I,586
330,G,C,861
332,L,B,521
333,J,E,316
334,E,K,862
335,C,L,846
336,J,A,304
337,B,J,617
338,A,D,478
340,J,K,408
341,B,K,898
342,G,K,277
343,F,G,292
344,M,A,698
345,G,H,571
346,D,F,908
347,K,C,571
348,E,F,803
349,M,F,356
350,D,L,449
351,K,C,914
352,M,G,478
353,K,D,747
354,C,H,370
355,C,K,311
356,C,F,467
357,M,D,724
358,D,G,876
359,H,E,983
360,F,C,292
361,H,A,948
362,G,M,737
363,L,I,487
364,B,M,337
365,D,I,685
366,A,J,973
367,L,M,762
368,E,F,736
369,F,G,668
370,D,L,904
371,A,K,306
372,D,I,924
373,F,H,687
374,M,I,337
375,B,J,252
376,I,E,839
377,G,B,410
378,B,I,542
379,H,M,668
380,G,A,985
381,A,C,647
382,C,H,714
383,K,M,685
384,J,B,929
385,M,L,938
387,H,E,943
388,C,J,537
389,A,M,885
390,A,C,598
391,C,I,420
392,L,D,682
393,G,E,878
394,K,C,910
395,F,H,570
396,H,G,255
397,E,A,254
400,F,M,362
401,E,I,990
402,J,L,407
403,I,G,763
404,I,A,434
405,K,J,512
406,D,F,800
407,A,H,514
408,L,A,353
409,F,G,966
410,J,B,429
411,J,K,252
412,F,B,731
414,G,L,273
416,J,G,733
417,I,G,751
418,B,G,439
419,I,J,420
420,G,B,538
421,F,J,768
422,I,C,946
423,F,A,844
424,L,F,561
426,F,H,986
427,M,A,767
428,E,G,507
429,J,I,722
430,C,B,983
431,D,B,262
432,C,L,920
433,J,L,764
434,B,K,499
435,E,L,880
436,A,K,931
437,L,A,818
438,A,F,523
439,K,B,758
440,E,G,521
441,C,L,958
442,F,A,904
443,M,I,912
444,D,I,815
445,K,F,555
446,B,F,439
447,J,H,888
448,G,A,534
450,F,H,389
451,J,G,523
452,H,G,282
453,L,I,424
454,B,G,673
455,A,F,943
456,F,H,382
457,J,B,962
458,B,L,605
459,M,J,408
460,L,B,504
461,A,G,923
462,F,J,496
463,E,A,639
464,D,M,694
465,E,L,417
466,K,D,291
467,G,A,817
468,A,B,892
469,H,L,987
470,I,L,912
471,J,A,723
472,A,E,608
475,D,I,535
476,K,I,758
477,B,D,307
478,L,F,640
479,F,G,816
480,G,D,529
481,L,B,640
482,J,A,274
483,B,L,951
484,B,A,842
485,D,H,386
486,E,A,875
487,G,J,656
488,F,M,588
490,C,I,477
491,E,I,337
492,K,A,268
493,H,D,527
494,E,G,348
495,J,E,687
496,F,E,354
497,F,E,981
499,L,F,494
501,H,E,955
502,D,B,642
503,G,D,527
504,F,D,315
505,G,D,997
506,I,D,781
507,L,H,681
509,L,I,383
510,M,C,325
511,L,M,940
512,E,C,544
513,B,I,927
514,M,D,698
515,I,M,748
516,D,A,937
517,E,B,641
518,C,D,762
519,B,I,906
520,D,K,341
521,G,L,513
524,H,M,961
525,L,M,328
526,B,J,875
527,H,C,338
528,I,K,486
529,F,J,765
530,J,C,875
531,F,M,669
532,H,A,299
533,F,I,391
534,A,J,363
535,C,G,449
536,M,L,278
537,A,E,461
538,M,H,634
539,D,A,478
540,J,B,648
541,L,H,384
542,G,E,916
543,A,B,275
544,G,B,420
545,M,G,411
546,E,F,297
547,I,B,539
548,K,H,454
549,E,L,486
550,D,B,389
551,B,C,626
552,L,G,926
553,G,J,289
554,K,D,398
555,D,G,706
556,E,G,565
557,J,K,574
558,C,M,958
559,E,I,633
560,H,E,974
561,F,L,879
562,K,I,644
563,K,L,716
564,H,L,747
565,H,F,992
566,K,G,996
567,I,J,573
568,E,F,825
569,I,K,507
570,B,F,857
572,G,D,801
573,B,M,404
574,D,E,745
575,D,J,598
576,G,L,332
577,E,H,842
578,J,C,564
579,F,A,410
580,D,H,772
582,K,E,838
583,C,K,343
584,G,C,275
585,L,J,782
586,J,A,588
587,D,G,950
588,L,F,311
589,H,L,335
590,L,C,579
591,F,D,735
592,D,K,316
593,E,D,994
595,B,C,534
596,C,I,315
598,K,G,724
599,J,C,290
600,M,E,600
601,H,A,331
602,B,K,877
603,C,L,883
604,M,G,290
605,G,J,464
606,F,K,695
608,L,B,393
609,C,J,862
610,L,F,647
611,D,E,563
612,I,J,629
613,M,J,300
614,C,A,475
615,F,L,916
617,G,K,973
618,A,L,312
619,F,H,739
620,B,E,834
621,J,G,680
622,C,K,396
623,J,C,754
624,E,D,872
625,I,F,592
626,A,D,314
627,J,K,963
628,C,G,649
629,J,G,375
630,J,L,948
631,H,E,727
632,J,G,730
633,H,E,489
634,L,C,699
635,J,F,996
636,D,C,646
637,B,M,845
638,L,F,788
639,E,A,945
640,D,F,526
641,M,H,501
642,C,H,492
643,E,J,513
644,J,G,855
646,C,A,633
647,B,L,289
648,B,G,797
649,K,I,250
650,A,J,807
651,J,F,800
652,B,A,562
653,A,H,700
654,L,H,808
655,K,E,719
656,G,B,785
657,L,M,448
658,L,F,265
659,D,B,560
660,G,C,507
661,B,G,632
662,M,G,402
663,L,M,404
664,J,B,292
665,A,H,859
666,B,C,452
667,L,J,728
668,J,F,999
669,D,H,317
670,D,I,361
671,L,F,382
673,A,C,329
674,L,H,547
675,H,L,813
676,J,A,411
677,L,J,569
678,M,H,740
679,C,G,874
680,I,D,392
681,F,D,895
682,G,J,978
683,A,F,773
685,D,E,469
686,J,H,369
687,I,J,842
688,M,I,791
690,H,J,320
691,D,J,782
693,I,J,261
694,C,L,738
695,D,C,257
696,C,K,511
697,M,I,727
698,L,K,856
699,M,F,547
700,B,D,417
701,G,M,558
702,C,E,332
703,A,G,413
704,L,D,365
706,D,E,346
707,L,M,324
708,M,E,406
709,L,C,351
711,L,J,434
712,E,J,556
713,M,J,278
714,D,I,600
715,K,J,477
716,C,K,280
717,I,J,911
718,D,G,470
719,G,M,306
720,G,F,963
721,D,F,698
722,E,D,711
723,E,H,334
724,D,I,581
725,I,F,912
726,E,J,315
727,H,C,428
728,D,L,302
729,H,B,412
731,J,K,911
732,C,B,639
733,J,C,857
735,J,G,618
737,M,H,564
738,E,J,759
739,K,I,442
740,L,H,640
741,C,A,476
742,C,D,591
743,A,L,428
745,G,L,418
746,A,H,737
747,M,E,539
748,B,F,709
749,C,D,731
751,J,H,305
753,J,M,845
754,A,M,855
755,J,D,793
756,B,L,449
757,C,L,732
758,I,H,857
759,L,D,254
760,I,K,791
761,J,B,817
762,K,F,252
763,H,A,669
764,E,K,813
765,D,J,536
766,B,C,300
767,J,F,391
768,C,G,413
769,L,F,578
770,H,G,736
771,I,K,506
772,J,H,790
773,H,E,642
774,H,J,554
775,C,M,936
776,D,M,439
777,K,L,382
778,E,A,956
779,D,C,419
780,L,B,953
782,G,J,656
783,I,B,426
784,E,I,851
785,D,I,975
786,M,L,847
787,I,C,853
788,M,A,645
789,G,C,945
790,D,C,506
791,L,D,477
792,C,J,922
793,I,K,312
795,K,A,642
796,B,E,428
797,J,G,754
799,G,H,869
800,M,B,727
801,C,E,619
803,K,A,662
804,E,C,403
805,I,B,529
806,M,C,352
807,L,H,661
808,F,I,964
809,H,G,745
810,H,E,938
811,C,D,497
812,J,A,408
813,A,J,664
814,F,E,773
815,G,J,889
816,J,B,681
817,L,D,624
818,B,C,669
819,E,J,424
820,F,D,497
821,G,L,856
822,C,B,534
823,A,J,777
824,C,H,931
825,G,M,290
826,G,C,460
827,I,M,879
828,A,E,497
829,H,I,984
830,A,K,560
831,E,A,279
832,E,H,681
833,H,G,607
834,K,C,715
835,E,C,403
836,A,J,408
837,L,B,262
838,G,I,887
839,G,M,693
840,I,E,747
841,K,L,562
842,F,H,987
844,L,G,366
845,F,B,428
847,J,F,838
848,H,B,593
849,E,L,746
850,G,I,864
851,I,F,688
852,J,D,518
853,I,G,652
854,B,J,934
855,M,E,765
856,H,J,786
857,L,I,748
858,G,B,905
859,M,C,318
860,B,L,437
861,J,C,572
862,I,F,500
863,D,K,615
864,H,E,558
865,J,H,253
866,C,F,776
868,M,H,372
869,B,K,622
870,J,G,500
871,G,E,873
873,A,I,954
875,J,C,684
876,L,K,587
877,M,B,366
878,B,L,820
879,D,L,355
880,A,M,256
881,H,C,742
882,A,G,667
883,J,M,475
884,F,K,426
885,I,H,475
886,H,K,793
887,B,H,985
888,F,G,548
889,H,E,287
891,G,M,815
892,K,G,942
893,B,E,980
894,C,K,976
895,C,I,879
896,J,F,304
897,G,K,372
898,C,D,428
899,J,C,403
900,D,I,486
901,M,B,468
902,L,M,578
903,B,L,753
904,M,K,343
905,M,B,770
906,G,K,707
907,M,E,264
908,I,H,287
909,C,B,902
910,H,F,955
911,E,C,287
912,A,L,670
913,H,C,282
914,D,K,810
915,L,B,573
916,M,B,963
917,L,A,554
919,L,C,731
920,K,I,822
921,E,I,987
922,K,D,872
923,C,H,671
924,L,F,319
925,I,B,330
926,I,B,767
927,G,I,916
928,G,L,945
929,H,G,991
931,G,D,692
932,L,A,449
933,C,M,286
934,H,K,913
935,C,M,307
936,H,G,660
937,L,H,579
938,M,D,506
939,H,L,589
940,D,G,610
941,I,E,447
942,B,E,529
943,L,J,339
944,D,H,666
945,D,B,699
946,B,C,277
947,H,A,338
948,K,F,571
949,J,L,828
950,G,H,302
951,M,E,941
952,G,A,626
953,C,H,935
954,B,L,456
955,K,G,924
956,H,L,698
957,L,M,320
959,B,F,517
960,K,M,283
961,C,B,974
963,G,K,529
964,E,L,815
965,K,J,354
966,B,K,359
967,I,J,354
968,H,B,621
969,I,C,433
970,A,F,846
971,G,D,554
972,I,M,927
973,I,G,415
974,L,M,563
975,K,C,388
976,L,E,503
977,C,M,255
978,F,G,622
979,A,B,457
980,F,C,564
982,F,G,939
983,M,G,434
984,B,A,491
985,J,B,554
986,B,L,929
987,M,G,792
988,J,L,769
989,C,F,553
990,I,F,962
991,A,G,737
992,J,K,496
993,M,J,261
994,J,A,741
995,C,L,828
996,J,H,343
997,I,M,677
998,M,D,827
999,I,C,586
1000,E,M,819
1001,C,E,711
1003,C,F,299
1004,H,J,291
1005,B,M,544
1006,I,M,638
1007,J,B,361
1008,K,L,836
1009,K,D,715
1010,I,C,612
1011,C,H,618
1012,M,K,681
1013,D,M,459
1015,I,B,762
1016,A,B,915
1017,L,F,636
1018,G,F,870
1019,E,K,311
1020,G,F,568
1021,C,H,953
1022,F,K,974
1023,F,J,649
1024,H,B,991
1025,H,L,373
1026,L,C,850
1027,E,F,517
1028,G,D,631
1029,A,K,600
1030,G,F,917
1031,H,G,748
1032,H,M,901
1033,H,M,264
1034,L,M,603
1035,B,M,788
1036,K,L,732
1037,D,H,878
1038,L,H,505
1039,F,C,872
1040,G,C,716
1042,K,I,336
1045,M,G,507
1046,I,A,966
1047,B,L,359
1048,J,K,940
1049,K,A,451
1050,C,E,409
1051,H,B,707
1052,M,D,288
1053,F,K,683
1054,F,D,731
1055,F,I,367
1056,D,M,699
1057,J,H,401
1058,L,D,409
1060,F,A,376
1061,F,J,541
1063,C,I,890
1065,C,F,841
1066,F,K,700
1067,F,H,541
1068,C,L,515
1069,J,G,487
1070,F,A,418
1071,H,J,993
1072,D,F,795
1073,K,H,835
1074,H,J,893
1075,B,I,981
1076,G,A,466
1077,B,C,594
1078,M,K,706
1080,I,C,276
1081,B,A,646
1082,H,G,252
1083,H,F,388
1084,M,E,755
1085,G,K,420
1086,J,M,343
1087,D,L,641
1089,H,B,992
1090,K,C,776
1091,M,E,418
1092,K,C,732
1093,E,L,949
1094,I,B,525
1095,G,L,573
1096,E,I,692
1097,H,F,732
1098,B,G,638
1099,I,H,363
1100,H,G,647
1103,L,G,503
1104,J,G,531
1105,B,G,964
1106,C,D,362
1107,E,K,819
1108,H,M,934
1109,F,G,886
1110,J,A,388
1111,F,G,739
1112,K,B,590
1113,J,F,565
1114,L,K,744
1115,L,B,608
1116,F,I,296
1117,M,G,619
1118,K,L,607
1119,G,H,538
1120,G,A,802
1121,I,H,522
1122,A,F,569
1123,B,K,551
1124,D,F,318
1125,C,M,453
1127,C,J,663
1128,C,L,765
1129,A,D,882
1130,E,H,940
1131,J,A,432
1133,F,B,758
1134,D,M,982
1135,A,D,349
1136,F,I,537
1137,G,C,563
1138,K,M,282
1139,L,E,797
1140,E,J,573
1141,D,E,712
1142,D,H,573
1143,J,K,256
1144,K,F,285
1145,F,H,937
1146,G,F,405
1147,A,C,362
1148,L,H,873
1149,I,F,499
1150,B,G,329
1151,F,D,866
1152,I,C,997
1153,B,F,900
1154,B,K,423
1155,G,J,603
1156,C,G,576
1157,L,E,937
1158,M,J,408
1159,A,D,435
1160,H,I,999
1161,B,G,901
1162,C,E,488
1163,H,J,522
1164,B,L,898
1165,G,A,472
1166,G,I,542
1167,J,E,458
1168,E,H,790
1169,J,K,458
1170,H,G,323
1171,G,D,303
1172,D,J,986
1173,D,L,900
1174,C,G,687
1175,I,B,982
1176,B,F,976
1178,D,M,936
1179,H,G,662
1182,I,G,955
1183,B,G,750
1184,C,F,288
1185,F,B,319
1186,B,A,404
1187,D,B,655
1188,J,C,737
1190,A,L,849
1191,A,B,611
1192,L,C,405
1193,L,H,917
1194,C,E,635
1195,C,A,450
1196,K,E,782
1197,D,K,556
1198,C,F,948
1200,B,A,862
1202,M,L,915
1203,H,L,585
1204,A,M,768
1205,K,A,781
1206,H,D,841
1207,M,B,976
1208,M,L,809
1209,G,M,299
1210,C,L,657
1211,B,G,916
1212,M,L,429
1213,C,H,759
1214,D,C,971
1215,J,D,458
1217,C,G,618
1218,M,A,516
1219,A,I,681
1221,C,M,556
1222,K,J,914
1223,I,A,770
1224,G,I,837
1225,A,F,963
1226,L,K,650
1227,J,L,802
1229,M,I,872
1230,B,D,530
1231,M,F,582
1232,H,I,655
1233,M,F,258
1234,D,F,910
1235,J,M,725
1236,J,K,928
1237,G,M,879
1238,M,E,434
1239,B,K,669
1240,I,F,759
1241,F,D,725
1242,A,E,608
1243,I,B,344
1244,A,J,274
1245,B,I,935
1246,G,K,985
1247,M,F,504
1248,E,C,964
1249,C,H,491
1251,G,J,331
1252,K,H,832
1253,K,B,577
1254,G,C,565
1255,A,J,466
1256,I,C,534
1257,J,C,696
1258,K,C,259
1259,J,D,472
1260,B,G,723
1261,J,D,399
1262,A,B,762
1263,G,A,791
1265,K,D,969
1266,M,E,807
1267,J,D,676
1268,C,F,822
1269,M,I,281
1270,E,H,333
1271,M,G,362
1272,J,H,599
1273,H,G,477
1274,J,B,624
1275,H,L,737
1276,K,H,464
1277,H,E,780
1278,E,M,508
1279,B,A,809
1281,L,D,438
1282,H,C,821
1283,C,D,873
1284,E,F,424
1285,E,L,343
1286,L,M,535
1287,I,B,926
1288,G,F,740
1289,H,F,594
1290,G,D,497
1291,A,C,631
1292,E,I,605
1293,E,J,463
1294,L,F,868
1295,I,D,565
1296,J,K,571
1297,L,E,685
1298,B,E,896
1299,E,G,673
1300,B,I,825
1301,A,F,373
1302,K,A,320
1303,K,E,485
1304,G,B,806
1305,D,C,302
1306,H,E,666
1307,L,C,332
1308,G,J,962
1309,E,L,511
1310,H,K,557
1311,M,E,441
1312,H,J,809
1313,K,H,809
1314,C,I,475
1315,I,F,402
1316,M,H,621
1317,I,H,438
1318,J,D,879
1320,A,C,887
1321,G,F,297
1324,H,C,949
1325,K,E,947
1326,E,H,912
1327,H,C,686
1328,E,I,748
1329,C,F,873
1330,G,E,342
1331,H,J,504
1332,C,G,962
1333,H,I,606
1334,I,C,769
1336,J,G,814
1338,G,F,715
1339,J,D,412
1340,A,E,988
1341,M,G,966
1342,D,M,265
1344,F,K,998
1345,L,M,956
1346,I,H,551
1347,M,B,465
1349,A,M,484
1350,G,K,556
1351,F,A,327
1352,D,M,341
1353,G,C,700
1354,K,C,611
1355,L,G,406
1357,E,G,980
1358,H,C,433
1359,J,I,700
1360,C,J,750
1361,I,K,251
1362,E,M,772
1363,D,E,743
1364,E,C,531
1365,I,A,766
1366,I,G,930
1367,F,C,392
1368,K,H,384
1370,L,D,416
1371,D,M,471
1372,L,I,585
1373,M,H,721
1374,K,L,426
1375,G,I,929
1376,A,B,405
1377,F,M,519
1378,G,C,708
1379,C,D,744
1380,B,M,869
1381,F,K,565
1382,E,L,948
1384,A,C,694
1385,A,L,550
1386,K,L,561
1387,D,A,715
1388,C,H,333
1389,A,G,468
1390,M,E,732
1391,K,E,402
1392,M,I,606
1393,J,G,796
1394,B,G,819
1395,F,E,744
1396,F,G,712
1397,C,G,505
1398,I,B,849
1399,C,E,970
1400,D,J,587
1401,C,J,392
1402,B,A,641
1403,M,J,378
1404,A,L,821
1405,A,J,852
1406,F,J,810
1407,H,D,317
1408,I,E,925
1409,E,B,450
1410,F,K,977
1411,J,A,569
1412,F,I,433
1413,D,G,882
1414,I,G,777
1416,D,A,764
1417,G,L,612
1418,D,F,443
1419,I,B,373
1420,M,A,500
1421,I,J,616
1422,A,M,367
1423,G,F,695
1424,C,G,513
1425,G,D,454
1426,J,B,339
1427,D,H,306
1428,B,A,445
1429,D,H,950
1430,A,E,799
1431,L,B,726
1432,I,F,279
1433,F,K,779
1434,L,B,341
1435,G,H,561
1436,B,L,404
1437,A,M,592
1438,M,J,275
1439,J,K,621
1440,M,D,380
1441,C,K,818
1442,J,C,372
1443,C,B,731
1444,M,H,827
1445,F,E,702
1446,F,E,352
1447,C,K,968
1448,B,L,660
1449,H,D,856
1450,E,F,287
1451,F,I,803
1452,G,B,856
1453,A,K,932
1454,C,F,397
1455,F,H,310
1456,J,L,598
1457,A,I,734
1458,A,I,760
1459,H,K,726
1460,I,K,409
1461,B,K,555
1462,M,H,260
1463,E,M,563
1464,L,M,446
1465,C,M,337
1466,K,J,848
1467,B,M,870
1468,A,C,583
1469,C,M,457
1470,A,J,301
1471,M,B,441
1472,A,H,970
1473,I,B,772
1474,D,M,537
1475,A,G,491
1476,E,C,731
1477,B,K,839
1478,D,H,887
1479,F,J,625
1480,M,I,506
1481,M,I,665
1484,J,F,900
1485,F,K,689
1486,D,I,503
1487,F,A,966
1488,K,M,285
1489,I,A,379
1490,K,I,827
1491,F,G,254
1492,L,D,460
1493,J,E,348
1494,I,G,784
1495,K,H,460
1496,F,G,358
1497,J,K,410
1498,G,A,981
1499,K,I,764
1500,L,B,306
1501,D,G,398
1502,D,K,435
1503,M,K,325
1504,E,C,486
1505,G,D,543
1506,B,K,750
1507,D,E,587
1508,K,A,742
1509,D,C,291
1510,M,J,759
1511,A,M,504
1512,I,K,909
1513,D,M,713
1514,I,H,609
1515,E,G,509
1516,H,J,785
1518,A,D,275
1519,G,L,869
1520,A,L,885
1521,C,M,561
1522,H,J,681
1523,D,J,603
1524,D,A,871
1525,J,E,316
1526,B,K,618
1527,E,H,258
1528,F,I,891
1529,C,L,584
1530,G,I,815
1531,I,M,639
1532,E,F,373
1533,H,C,713
1534,G,B,598
1535,A,F,610
1536,E,L,909
1537,C,A,558
1538,J,E,628
1539,M,H,458
1540,I,J,528
1541,H,D,854
1542,K,G,400
1543,J,M,397
1544,K,G,374
1545,C,K,447
1546,I,L,813
1547,F,E,542
1548,K,J,289
1550,D,J,420
1551,I,C,663
1552,J,L,738
1553,C,A,364
1554,B,I,258
1556,C,I,978
1557,J,G,901
1558,G,K,638
1559,C,I,723
1560,A,C,438
1561,I,E,692
1562,B,K,343
1563,B,L,896
1564,I,F,934
1565,C,J,583
1566,K,I,921
1568,A,L,412
1569,J,I,708
1570,J,I,268
1571,B,A,427
1573,I,M,360
1574,A,H,756
1575,A,L,796
1576,E,I,417
1577,G,E,534
1578,C,D,983
1579,G,I,627
1580,E,A,837
1581,L,D,665
1582,A,L,924
1584,F,H,764
1585,K,G,548
1586,B,D,905
1587,A,M,929
1588,I,C,509
1589,J,M,789
1590,I,F,570
1593,H,C,881
1594,D,G,595
1595,A,J,869
1596,A,H,560
1598,K,A,827
1599,G,E,760
1601,J,C,259
1602,J,K,936
1603,M,A,487
1604,M,B,747
1605,I,J,922
1606,I,G,733
1607,E,M,557
1609,A,L,393
1610,L,C,279
1611,G,B,422
1612,A,B,517
1613,L,A,672
1615,F,I,296
1616,K,L,665
1617,I,F,846
1618,K,C,264
1619,I,A,429
1620,K,C,270
1621,J,F,773
1622,I,G,644
1623,D,F,504
1624,B,D,477
1625,H,M,789
1626,B,K,649
1627,F,G,696
1628,B,K,988
1629,D,B,468
1630,H,A,375
1631,I,G,700
1632,C,E,424
1633,B,F,339
1634,F,B,368
1635,B,J,487
1636,I,B,754
1637,M,H,833
1638,E,I,880
1639,F,A,504
1640,I,F,376
1641,J,H,706
1642,G,D,270
1643,H,F,286
1644,M,F,356
1645,G,M,281
1646,A,D,522
1647,L,G,492
1648,B,L,769
1649,K,L,904
1650,D,K,271
1651,B,A,641
1652,B,H,308
1653,E,K,793
1654,I,E,285
1655,A,M,393
1657,E,D,674
1658,L,B,854
1660,F,G,442
1661,H,E,385
1662,G,H,740
1663,G,F,596
1664,L,C,998
1665,I,E,308
1666,F,M,749
1667,H,G,449
1668,C,K,784
1669,J,G,396
1670,L,K,513
1672,H,I,976
1673,E,G,793
1674,E,A,630
1675,D,L,474
1676,B,D,825
1677,B,L,431
1678,L,A,798
1679,K,M,630
1680,C,K,469
1681,M,H,881
1682,C,G,945
1683,G,L,882
1684,K,F,480
1685,G,B,321
1686,J,H,797
1687,G,C,746
1688,E,C,431
1689,B,C,273
1690,B,C,735
1691,I,B,793
1692,A,L,395
1693,I,J,538
1694,L,C,662
1695,D,E,272
1696,G,B,922
1697,K,I,869
1698,C,L,518
1699,K,H,424
1700,J,M,613
1701,D,I,545
1702,E,D,434
1703,G,B,862
1704,A,J,734
1705,J,B,382
1706,M,J,509
1707,L,F,436
1708,H,L,790
1709,K,H,920
1710,B,A,786
1711,A,L,932
1712,C,B,676
1713,E,A,337
1714,J,A,955
1715,D,A,981
1716,J,D,823
1717,B,D,544
1718,L,E,913
1719,L,B,761
1720,G,H,413
1721,M,A,929
1722,J,L,350
1723,H,B,570
1724,J,F,389
1726,A,L,531
1727,I,A,913
1728,L,I,734
1729,G,H,515
1730,K,M,678
1731,L,M,446
1732,I,M,369
1733,D,B,433
1734,A,L,586
1735,M,A,827
1736,H,G,783
1737,C,B,426
1738,C,F,421
1739,A,I,699
1741,J,M,955
1742,H,L,788
1743,J,H,459
1744,F,D,471
1745,C,B,403
1747,F,I,718
1748,K,M,849
1749,L,K,515
1750,B,I,965
1751,C,B,555
1752,H,K,720
1753,L,E,745
1754,A,I,254
1755,J,M,417
1756,K,M,633
1757,K,G,876
1758,F,A,838
1759,I,F,503
1760,D,H,583
1761,I,B,265
1762,B,K,517
1763,C,F,527
1764,D,L,779
1765,I,B,421
1766,D,L,359
1767,J,K,298
1768,I,E,385
1770,A,E,733
1771,C,E,548
1772,K,H,737
1773,E,C,858
1774,M,C,708
1775,H,K,416
1776,M,I,640
1777,I,M,520
1778,A,M,745
1779,C,I,327
1780,B,G,960
1781,K,H,589
1782,I,D,729
1783,B,H,937
1784,F,J,426
1785,A,H,515
1786,C,A,478
1787,C,K,516
1788,G,C,493
1789,J,K,653
1790,J,K,688
1791,J,H,725
1792,E,K,446
1793,M,C,381
1794,G,B,987
1795,I,C,251
1796,B,D,400
1797,G,H,585
1798,E,B,504
1799,H,C,832
1800,M,G,833
1801,K,D,925
1802,B,I,597
1803,G,B,796
1806,L,H,325
1807,J,M,807
1808,I,J,875
1809,H,G,510
1810,L,F,494
1811,L,F,400
1812,J,D,578
1813,B,K,812
1814,G,J,709
1815,E,F,414
1816,D,M,963
1817,M,D,604
1818,E,K,641
1819,G,J,636
1820,D,C,930
1821,B,G,727
1822,C,M,531
1823,C,D,794
1824,M,I,916
1826,D,E,473
1827,D,H,661
1828,A,M,802
1829,F,B,560
1831,K,J,900
1832,B,A,730
1833,K,F,941
1834,K,D,601
1835,C,A,531
1836,C,A,780
1837,B,K,663
1838,E,C,651
1839,D,E,289
1840,F,J,836
1841,F,A,834
1842,J,K,460
1844,A,E,869
1845,F,M,512
1846,B,G,472
1847,K,L,609
1848,C,L,296
1849,C,I,794
1850,J,D,850
1851,K,D,656
1852,L,D,262
1853,H,B,846
1854,D,K,526
1855,H,I,298
1856,B,K,712
1858,B,A,393
1859,F,L,698
1860,I,G,856
1861,C,K,678
1862,G,A,715
1863,B,M,452
1864,F,D,524
1865,K,F,579
1866,A,M,394
1867,K,B,520
1868,H,I,697
1869,C,G,794
1870,M,I,904
1871,E,F,298
1872,D,L,438
1873,I,D,858
1874,J,E,928
1875,J,A,536
1876,C,M,317
1877,M,F,886
1878,G,M,364
1879,K,A,724
1880,L,C,743
1881,M,F,274
1883,B,J,662
1884,M,E,439
1885,F,D,671
1886,K,E,672
1887,C,A,312
1888,C,F,734
1889,J,G,994
1891,K,I,357
1893,D,B,757
1894,K,E,294
1895,G,F,404
1896,E,F,888
1897,B,I,375
1898,K,I,996
1899,D,K,505
1900,E,D,855
1901,H,D,313
1902,C,A,539
1903,K,M,397
1904,E,B,694
1905,G,C,488
1906,E,J,508
1907,A,L,775
1910,I,K,672
1911,H,D,917
1912,A,C,511
1913,M,A,566
1914,H,C,395
1915,F,B,555
1916,E,M,635
1918,K,L,893
1919,A,F,523
1920,B,L,504
1921,J,K,470
1922,B,C,599
1923,I,C,558
1924,C,I,390
1925,I,B,646
1926,G,J,272
1927,K,H,926
1928,I,B,523
1929,F,K,791
1930,J,K,912
1931,M,E,611
1932,B,G,880
1933,D,E,985
1934,J,M,971
1935,E,D,959
1936,D,G,615
1937,J,B,277
1938,C,J,600
1939,F,H,970
1940,M,F,690
1941,C,E,866
1942,A,L,362
1943,J,L,797
1944,J,C,626
1945,I,J,931
1946,A,E,481
1947,K,F,661
1948,F,J,660
1949,A,H,341
1950,L,K,986
1951,H,L,764
1952,I,M,743
1953,M,E,467
1954,M,G,331
1955,D,F,548
1956,B,L,512
1957,G,I,569
1958,F,G,672
1959,B,K,335
1960,B,E,302
1961,I,D,946
1962,I,B,481
1963,H,I,748
1964,D,C,439
1965,K,M,443
1966,E,D,413
1967,M,E,726
1968,K,B,444
1970,J,C,326
1971,G,K,723
1972,A,J,853
1973,L,B,504
1974,F,L,377
1975,G,M,604
1976,H,E,685
1977,F,J,706
1978,G,M,477
1979,K,G,636
1980,L,I,558
1981,B,E,980
1982,E,M,957
1983,D,A,636
1984,K,J,284
1985,A,B,846
1986,I,H,777
1987,L,J,469
1988,E,H,417
1990,A,K,985
1991,J,K,560
1992,H,B,367
1993,I,B,431
1994,F,C,621
1995,J,E,373
1996,G,I,690
1997,H,I,981
1998,A,B,291
1999,J,G,927
2000,I,J,772
2001,J,F,279
2002,F,L,929
2003,K,M,475
2005,I,B,476
2006,D,J,951
2007,H,E,539
2008,H,J,358
2009,I,B,661
2010,D,M,287
2011,E,D,646
2012,J,F,902
2014,M,D,993
2015,E,M,518
2016,J,K,353
2017,M,J,836
2018,C,L,802
2019,F,B,747
2020,A,C,723
2021,H,L,393
2023,I,D,339
2024,C,H,682
2025,H,D,321
2026,C,G,895
2027,G,E,770
2029,G,B,927
2030,M,F,343
2032,M,I,979
2033,D,A,291
2034,C,H,602
2035,H,M,479
2036,L,B,253
2037,L,H,889
2038,M,B,624
2039,D,A,651
2041,C,L,388
2042,A,H,686
2044,G,K,470
2045,M,H,881
2046,F,I,462
2047,M,F,949
2048,M,H,614
2049,G,I,790
2050,F,E,540
2051,H,J,282
2052,D,F,309
2053,M,H,295
2054,C,F,995
2055,A,G,889
2056,C,D,301
2057,D,C,794
2058,C,M,305
2060,K,M,360
2061,K,M,369
2062,C,F,260
2063,F,B,472
2064,D,C,702
2065,J,D,996
2066,J,C,489
2067,J,A,298
2068,A,I,326
2070,I,M,289
2071,F,B,730
2072,B,K,405
2073,M,L,275
2074,G,H,955
2075,G,C,460
2076,C,A,621
2077,A,G,530
2079,F,B,769
2080,K,C,977
2081,M,B,574
2082,M,D,896
2083,B,L,592
2084,L,M,936
2085,L,M,314
2086,A,K,943
2087,D,B,305
2088,A,F,981
2090,K,I,903
2091,L,B,427
2092,E,C,631
2093,M,E,275
2094,C,I,652
2095,E,K,370
2096,C,G,419
2097,I,J,989
2098,F,E,764
2099,B,E,950
2100,I,A,382
2101,I,J,834
2102,G,C,713
2103,L,I,438
2104,L,M,845
2105,A,G,826
2106,B,F,633
2107,J,A,539
2108,B,C,685
2109,H,B,490
2110,H,F,483
2111,D,K,716
2112,D,L,251
2113,M,K,568
2114,L,C,522
2115,C,J,563
2116,E,J,833
2117,A,H,843
2118,E,L,662
2120,B,I,260
2121,F,I,607
2123,A,L,705
2124,F,B,624
2125,H,L,675
2126,G,J,719
2127,M,K,953
2128,E,C,359
2130,M,D,612
2131,G,I,841
2132,L,J,341
2133,C,D,728
2134,J,E,684
2136,J,F,629
2137,A,L,562
2138,K,J,795
2139,A,F,708
2140,D,C,677
2141,E,L,375
2142,E,F,572
2143,M,J,822
2144,D,L,603
2145,E,F,922
2146,M,B,416
2147,J,C,857
2148,B,H,974
2149,A,I,304
2150,C,D,577
2151,J,B,888
2152,M,F,714
2153,H,K,408
2155,I,B,585
2156,D,H,361
2157,A,F,296
2158,H,K,866
2159,K,A,509
2160,L,M,874
2161,G,L,432
2162,H,E,792
2163,I,F,557
2164,B,F,487
2165,L,K,664
2166,D,F,423
2167,K,E,597
2168,F,H,826
2169,H,C,638
2170,C,B,683
2172,F,J,725
2173,F,L,783
2174,L,J,411
2175,I,B,755
2176,J,E,648
2178,F,C,363
2179,I,D,966
2180,J,M,753
2181,A,J,440
2182,D,B,489
2183,F,K,311
2184,F,D,830
2185,F,C,833
2186,A,K,332
2187,L,F,505
2188,C,K,523
2189,I,D,553
2190,B,I,761
2191,D,M,869
2193,J,F,938
2194,G,C,469
2195,G,E,595
2196,I,E,609
2197,M,F,836
2199,G,A,618
2200,E,F,775
2201,F,C,816
2202,K,I,595
2203,H,K,928
2204,B,G,316
2205,J,F,938
2206,J,I,819
2207,B,D,490
2209,M,A,706
2210,I,L,295
2211,J,I,957
2212,M,E,677
2213,C,I,881
2214,A,H,926
2215,A,J,444
2216,G,C,991
2217,D,E,266
2218,B,G,972
2219,A,F,706
2220,E,C,773
2221,H,G,799
2222,I,F,668
2223,C,K,501
2224,K,C,266
2225,G,M,718
2226,C,D,728
2227,H,A,546
2228,I,A,411
2230,H,J,569
2231,H,C,571
2232,G,D,758
2233,J,G,551
2234,D,E,761
2235,H,F,896
2236,M,J,513
2237,I,L,820
2238,D,J,534
2239,M,H,839
2240,B,H,463
2241,C,H,757
2242,J,I,924
2243,I,B,957
2245,M,H,701
2246,C,E,598
2247,F,A,535
2248,E,D,726
2249,D,K,986
2250,B,L,418
2252,B,K,640
2253,F,J,347
2254,I,H,445
2255,F,A,354
2256,C,K,801
2257,B,G,627
2258,J,F,912
2259,H,M,650
2260,E,D,377
2261,K,J,439
2262,M,K,298
2263,A,M,823
2264,L,A,567
2265,G,J,825
2266,C,J,790
2267,D,M,389
2270,G,K,257
2271,K,D,288
2272,J,C,773
2273,H,M,417
2274,H,F,994
2275,L,E,472
2276,B,H,266
2277,C,A,485
2278,E,D,901
2279,H,I,998
2280,F,A,953
2281,M,H,956
2282,M,K,966
2283,E,J,433
2284,E,A,345
2285,A,J,641
2286,D,E,765
2287,H,D,353
2288,I,L,354
2289,E,G,268
2290,M,D,302
2291,I,K,640
2292,E,B,901
2293,G,J,955
2296,D,L,477
2297,A,I,897
2298,G,L,700
2299,J,H,491
2300,E,F,380
2301,I,L,273
2302,J,F,905
2303,L,K,559
2304,M,L,310
2305,M,J,342
2306,M,L,916
2307,L,H,848
2309,J,L,487
2310,E,C,254
2312,A,J,666
2313,B,M,688
2314,J,G,390
2315,J,G,402
2316,E,F,302
2317,K,A,360
2318,F,I,778
2319,C,D,391
2320,C,B,821
2322,I,F,437
2323,C,M,786
2324,I,A,613
2325,H,G,349
2326,I,A,527
2327,F,D,594
2328,A,M,723
2329,D,E,521
2330,I,F,901
2331,I,M,912
2332,A,B,868
2333,K,B,548
2334,L,H,775
2335,H,F,686
2336,C,B,472
2338,M,H,899
2339,K,D,961
2342,D,E,817
2344,D,M,323
2345,B,L,250
2346,E,K,512
2347,I,C,339
2348,D,A,905
2349,F,K,458
2350,G,C,623
2351,C,E,410
2352,E,J,850
2353,I,A,637
2354,F,E,422
2355,A,L,822
2356,L,D,627
2357,A,C,558
2358,B,E,853
2359,B,F,596
2360,L,H,655
2361,D,F,981
2362,D,F,510
2363,K,G,501
2365,I,B,938
2366,D,K,390
2367,F,G,288
2368,F,J,636
2369,H,D,939
2370,C,E,356
2371,J,I,537
2372,L,H,815
2373,D,E,736
2374,F,B,729
2375,F,B,717
2376,D,K,961
2377,M,A,847
2378,I,A,300
2379,D,E,870
2381,J,L,661
2382,L,B,515
2383,F,I,626
2384,H,A,725
2385,K,J,862
2386,J,A,988
2387,G,M,994
2388,H,K,646
2389,F,B,743
2390,A,H,352
2391,G,F,250
2392,K,M,350
2393,L,A,311
2395,G,E,965
2396,G,K,740
2397,E,J,294
2398,D,H,596
2399,L,I,341
2400,C,G,769
2401,J,D,457
2402,D,A,581
2403,D,G,542
2404,H,I,757
2405,K,G,343
2406,L,K,890
2407,C,J,968
2408,K,H,526
2409,I,G,716
2411,I,F,503
2412,L,H,658
2413,C,L,699
2414,L,A,279
2415,A,I,652
2416,L,D,431
2417,J,K,368
2418,A,F,474
2419,F,H,486
2420,A,D,491
2421,D,J,623
2422,H,C,637
2423,A,D,671
2424,G,K,268
2426,H,K,900
2427,D,A,496
2428,M,C,695
2429,J,L,902
2430,D,L,571
2431,A,M,484
2432,L,G,956
2433,B,D,889
2434,E,G,269
2435,G,C,742
2436,J,M,957
2437,H,L,619
2438,J,D,513
2439,C,K,547
2440,C,H,330
2441,C,I,330
2442,J,B,832
2443,I,B,631
2444,D,B,405
2445,M,J,514
2446,L,J,911
2447,A,K,467
2448,K,G,961
2449,G,C,883
2450,G,J,354
2451,G,F,615
2452,F,E,933
2453,I,A,810
2454,I,K,897
2455,J,D,541
2457,F,M,299
2458,J,C,933
2459,L,J,542
2460,H,L,528
2461,H,L,851
2463,H,E,936
2464,G,F,320
2465,C,A,364
2466,D,J,926
2467,J,D,437
2468,M,L,534
2469,H,C,259
2470,H,M,885
2471,D,F,853
2472,C,D,857
2473,F,H,747
2474,M,J,803
2475,G,K,731
2476,C,G,592
2477,J,M,568
2478,K,I,364
2479,J,C,610
2480,K,I,336
2481,E,C,891
2482,I,G,554
2483,M,C,322
2484,J,H,506
2485,F,J,575
2486,A,J,461
2488,L,M,588
2489,B,A,927
2491,D,A,350
2492,K,I,890
2493,I,E,878
2494,G,H,402
2495,F,I,606
2496,A,I,819
2497,F,G,826
2498,M,C,409
2499,K,H,430
2500,B,L,960
2501,K,M,428
2502,L,I,478
2503,C,J,746
2504,H,C,535
2505,E,L,614
2506,C,H,378
2507,M,L,329
2508,I,B,421
2509,J,E,697
2511,F,L,750
2512,H,I,396
2513,I,L,629
2514,F,M,733
2517,C,F,686
2518,A,J,814
2519,B,F,927
2520,C,E,310
2521,G,M,607
2522,H,D,650
2523,A,J,304
2524,G,L,502
2525,F,J,969
2526,G,I,655
2527,A,C,999
2528,F,A,753
2529,A,L,954
2530,D,K,574
2531,L,B,625
2532,B,F,413
2533,M,E,830
2534,L,F,514
2535,I,H,450
2539,L,F,826
2540,E,H,340
2541,D,F,327
2542,A,G,915
2543,A,B,932
2544,M,F,831
2545,L,F,775
2546,D,G,548
2547,L,B,890
2548,D,M,361
2549,A,B,338
2550,A,L,928
2552,I,D,566
2553,F,E,840
2554,K,B,897
2555,L,I,786
2556,G,A,617
2557,L,H,836
2558,B,E,339
2559,I,H,418
2560,C,M,645
2561,F,A,261
2562,G,J,374
2563,M,K,353
2564,C,D,889
2565,D,M,709
2566,K,H,758
2567,B,E,265
2568,F,H,360
2569,G,M,576
2571,G,C,749
2572,L,M,421
2573,G,B,462
2574,B,J,811
2575,K,D,683
2576,A,G,900
2577,G,F,524
2578,M,L,648
2579,B,C,328
2580,D,I,336
2581,D,I,724
2582,E,L,392
2583,B,C,777
2584,I,M,872
2585,L,B,739
2586,G,D,595
2587,K,L,271
2588,A,K,959
2589,F,D,294
2590,D,E,666
2591,F,J,926
2592,J,K,924
2594,A,C,664
2595,K,B,375
2596,D,K,738
2597,K,B,838
2598,F,C,577
2600,I,G,528
2601,H,J,582
2602,J,E,333
2603,C,F,517
2605,H,B,594
2606,E,G,340
2607,M,A,729
2608,B,L,346
2609,J,A,956
2610,A,G,423
2611,D,C,927
2612,M,G,377
2613,I,K,638
2614,C,J,286
2615,M,A,272
2616,G,M,682
2617,F,J,414
2619,D,F,429
2620,I,C,587
2621,C,F,761
2622,H,C,386
2623,J,I,824
2624,M,D,819
2625,J,L,599
2626,F,K,700
2627,F,G,691
2628,J,I,318
2629,K,A,271
2630,I,D,979
2631,E,K,825
2632,A,F,356
2633,K,D,926
2634,A,C,468
2635,F,J,842
2636,K,I,294
2637,D,H,611
2638,C,M,930
2639,H,A,381
2640,K,J,434
2641,D,F,502
2642,F,H,942
2643,D,K,272
2644,H,G,834
2645,B,H,276
2646,K,B,689
2647,M,J,967
2648,B,A,903
2649,D,G,890
2650,I,K,979
2651,K,I,728
2652,J,A,304
2653,G,L,829
2654,D,C,769
2656,I,A,957
2657,L,B,564
2658,C,K,366
2659,B,K,312
2660,D,A,600
2661,A,D,344
2662,F,E,831
2663,D,A,489
2664,E,F,980
2665,K,J,381
2666,K,E,542
2667,I,K,305
2668,H,G,543
2669,J,K,272
2670,K,B,693
2671,L,I,443
2672,H,M,981
2673,C,F,276
2674,I,E,459
2676,E,G,289
2677,G,M,481
2678,D,C,752
2679,E,J,960
2680,J,L,301
2681,H,A,465
2682,K,A,952
2683,E,D,580
2684,M,I,957
2685,F,J,530
2686,M,F,790
2687,A,F,395
2688,H,D,776
2689,D,F,325
2690,I,K,438
2691,M,A,839
2693,B,M,647
2694,M,J,271
2695,J,F,335
2696,G,F,422
2697,A,K,283
2698,F,K,718
2699,B,E,476
2700,F,M,408
2701,J,I,766
2702,M,A,929
2703,F,E,645
2704,M,K,772
2705,B,A,807
2706,K,I,699
2707,B,M,589
2708,I,K,513
2709,L,E,552
2710,D,L,613
2711,F,I,821
2712,A,I,969
2713,H,M,362
2714,B,D,388
2715,G,E,652
2717,G,M,892
2718,B,M,820
2719,K,I,913
2720,D,E,716
2721,J,M,751
2722,I,J,301
2723,H,B,809
2725,L,C,639
2726,F,C,549
2728,L,J,578
2729,D,G,467
2730,K,G,279
2731,K,A,973
2732,M,L,267
2733,G,D,497
2735,H,I,614
2736,H,F,580
2737,K,D,664
2738,L,F,418
2739,F,J,950
2740,G,K,478
2741,G,A,608
2742,G,C,533
2743,B,F,835
2744,C,B,977
2745,J,E,592
2746,K,L,571
2747,B,H,714
2748,L,F,989
2749,A,B,317
2750,B,K,510
2752,L,F,396
2753,L,H,854
2754,B,G,933
2755,L,A,811
2756,G,A,723
2757,F,H,970
2758,A,F,518
2759,H,M,661
2760,B,A,975
2761,M,I,909
2762,G,M,716
2763,J,F,471
2764,H,J,828
2765,F,D,674
2766,C,K,647
2767,J,D,856
2768,H,E,406
2769,K,I,871
2770,D,F,842
2772,E,G,593
2773,G,H,617
2774,M,B,593
2775,H,E,477
2776,D,I,752
2777,G,F,385
2778,E,I,705
2779,J,C,301
2780,M,K,652
2781,F,L,632
2782,E,J,292
2783,D,J,648
2784,G,F,582
2785,C,F,410
2786,H,C,578
2787,E,B,344
2788,B,A,409
2789,J,D,646
2790,D,I,668
2791,E,D,349
2793,L,E,449
2794,F,I,466
2795,G,I,552
2796,H,G,435
2797,B,D,351
2798,L,F,430
2799,H,F,365
2800,M,F,262
2801,D,B,619
2802,L,G,338
2803,E,L,916
2804,F,G,770
2805,C,K,253
2806,C,K,284
2808,H,L,475
2809,C,J,257
2810,M,D,458
2811,A,K,880
2812,F,G,746
2813,C,B,349
2814,G,I,455
2815,G,A,650
2816,D,F,721
2817,F,B,345
2818,I,C,537
2819,D,K,368
2820,E,A,659
2821,J,K,464
2822,F,C,549
2823,L,D,858
2824,A,F,923
2826,D,I,542
2827,G,L,662
2828,J,K,464
2829,D,H,562
2830,A,L,927
2831,D,J,694
2832,J,D,799
2833,J,C,757
2834,D,M,542
2835,M,I,950
2836,G,M,816
2838,F,G,930
2839,J,L,857
2841,H,B,645
2842,F,D,568
2843,K,E,713
2844,K,A,712
2845,I,L,739
2846,G,M,912
2847,E,C,971
2848,E,J,548
2849,B,L,807
2850,I,C,632
2851,M,F,636
2852,J,F,814
2854,H,J,508
2855,H,B,388
2856,C,H,268
2857,K,I,946
2858,A,C,519
2859,M,B,507
2860,E,F,926
2861,M,D,279
2862,F,I,906
2863,J,E,467
2864,L,H,418
2865,E,A,267
2866,D,G,267
2867,D,H,736
2868,B,F,339
2869,J,B,451
2870,E,D,458
2871,A,B,984
2872,L,M,588
2873,I,E,841
2874,M,H,957
2875,A,C,327
2876,F,I,281
2877,H,D,568
2878,C,J,943
2879,B,H,694
2880,D,F,434
2881,L,B,726
2882,A,F,259
2883,F,D,527
2884,D,L,553
2885,I,D,291
2886,M,F,817
2888,M,D,893
2889,M,J,482
2890,I,G,596
2891,J,L,805
2892,C,J,442
2893,E,F,434
2894,J,E,464
2895,K,B,580
2896,K,B,731
2897,F,B,464
2898,K,I,720
2899,M,K,679
2900,D,J,546
2902,K,L,387
2903,B,L,861
2905,M,C,662
2906,D,H,402
2907,J,G,491
2908,E,C,408
2909,K,G,384
2910,I,B,971
2911,A,F,304
2912,C,H,543
2913,D,I,485
2914,B,C,419
2915,G,E,594
2916,C,A,880
2917,F,L,287
2918,K,D,653
2919,I,J,450
2920,G,E,592
2921,I,A,367
2922,A,D,664
2923,H,L,501
2924,K,G,692
2925,C,F,804
2926,G,H,563
2927,H,M,529
2928,C,B,406
2929,B,M,771
2930,F,L,555
2931,E,H,581
2932,E,H,741
2933,E,L,250
2934,E,G,629
2935,A,H,378
2936,F,H,907
2937,D,J,557
2938,G,D,337
2939,J,I,446
2940,L,D,855
2941,K,J,820
2942,M,I,306
2943,E,D,689
2944,L,E,733
2945,K,C,996
2946,B,E,468
2947,L,E,444
2948,A,C,753
2949,D,H,407
2950,A,E,379
2951,J,K,912
2952,I,C,431
2953,A,G,319
2954,C,I,614
2955,H,L,749
2956,I,D,751
2958,D,J,806
2959,I,H,950
2960,K,G,419
2961,F,L,310
2962,C,J,474
2963,L,G,785
2964,F,B,790
2965,A,I,923
2966,E,J,621
2967,G,M,676
2968,C,J,407
2969,E,L,768
2970,M,L,580
2971,H,J,285
2972,C,B,604
2973,K,L,489
2974,C,D,793
2975,E,H,280
2976,J,E,471
2977,F,M,752
2978,L,J,671
2979,H,B,340
2981,C,B,384
2982,L,K,367
2983,D,J,961
2985,D,M,815
2986,D,I,949
2987,A,G,407
2988,F,J,452
2989,D,G,940
2990,E,G,499
2991,D,C,288
2992,M,B,798
2993,K,J,809
2994,J,L,402
2996,E,M,656
2997,D,H,901
2999,B,K,790
